Total Hours,Hours off by more than 0h,Share of hours off by more than 0h,Hours off by more than 1h,Share of hours off by more than 1h,Employee Count,Min Working Hours per Week,Max Working Hours per Week,Home Office Rate
313.9166666666667,153,48.73904964162463,91,28.988585080966285,8,10,40,0.4
326.58333333333337,150,45.93008420515437,94,28.782852768563405,8,10,40,0.6
462.58333333333337,148,69.80724193838947,96,20.753017474328946,8,10,40,0.6
462.58333333333337,150,71.93298504773914,95,20.536840208971356,7,10,40,0.6
462.58333333333337,156,69.48297604035307,95,20.536840208971356,7,10,40,0.6
